arm,group,arch,problem,depth,width,n_windows,causal_eps_schedule,causal_delta,causal_max_iters,warm_start,n_params,activation,ic,gamma,epochs,lbfgs_iters,seed,n_collocation,lr_start,lr_end,t_start,t_end,dtype,ic_scale,collocation,n_eval,lr_decay,lr_decay_every,k,l,initial_state,end_state,mae_x,rmse_x,max_abs_error_x,mae_y,rmse_y,max_abs_error_y,mae_z,rmse_z,max_abs_error_z,mae_combined_l2,rmse_combined_l2,max_abs_error_combined_l2,rel_mae_x,r2_x,final_x,final_ref_x,final_err_x,rel_mae_y,r2_y,final_y,final_ref_y,final_err_y,rel_mae_z,r2_z,final_z,final_ref_z,final_err_z,err_norm_p50,err_norm_p90,err_norm_p99,err_norm_max,residual_mse_collocation,final_loss,final_residual_mse_full,last_logged_objective,best_loss,residual_mse_dense,residual_generalisation_gap,invariant_1_max_drift,invariant_1_max_drift_reference,invariant_2_max_drift,invariant_2_max_drift_reference,wall_clock_s,adam_steps,lbfgs_evals,capped_stages,ms_per_epoch,epochs_to_1e-04,epochs_to_1e-06,epochs_to_1e-08,device,peak_mem_mb,n_snapshots
r1_no_causal_seed1,r1_no_causal,4x60_f64_unit_win27_warm,lorenz1960,4,60,27,,0.99,0,True,304641,tanh,hard,1,1300,1000,1,41446,0.001,0.0001,0,13.26446,float64,unit,uniform,13265,0.9,1000,2,1,"[0.5, 0.75, 1.0]",,3.65891349e-05,4.87355964e-05,0.000137260401,9.25376432e-05,0.000150512072,0.000711127989,5.61731784e-05,7.59346117e-05,0.000246628074,0.000129224689,0.000175485348,0.000736901053,0.000190137426,0.999999485,0.500006171,0.500000146,6.02576349e-06,2.81800604e-05,0.999999985,0.749669512,0.749998448,-0.000328935687,2.49851433e-05,0.99999999,1.00011637,1.00000055,0.000115822268,9.56426431e-05,0.000238899736,0.000693296375,0.000736901053,8.80939427e-07,8.80939427e-07,8.80939427e-07,4.43327793e-06,,8.80512415e-07,0.999515276,0.000367639874,2.77509403e-10,0.000298647376,3.55609626e-10,1001.8877,35100,33211,0,,,,,cpu,,45
r1_no_causal_seed2,r1_no_causal,4x60_f64_unit_win27_warm,lorenz1960,4,60,27,,0.99,0,True,304641,tanh,hard,1,1300,1000,2,41446,0.001,0.0001,0,13.26446,float64,unit,uniform,13265,0.9,1000,2,1,"[0.5, 0.75, 1.0]",,4.71260318e-05,6.10844577e-05,0.000176766643,0.000103938565,0.000150321973,0.000541664657,7.10323504e-05,9.68066872e-05,0.000363973478,0.000151096713,0.000188943222,0.000560813544,0.000244892983,0.999999191,0.499965439,0.500000146,-3.47066288e-05,3.16519305e-05,0.999999985,0.749889903,0.749998448,-0.000108545041,3.15943214e-05,0.999999983,1.00002447,1.00000055,2.39222065e-05,0.000119740485,0.000315584919,0.000516670818,0.000560813544,1.09860165e-06,1.09860165e-06,1.09860165e-06,4.04597703e-06,,1.0986672e-06,1.00005967,0.00043093128,2.77509403e-10,0.00042148198,3.55609626e-10,1117.94103,35100,33486,0,,,,,cpu,,45
r1_no_causal_seed3,r1_no_causal,4x60_f64_unit_win27_warm,lorenz1960,4,60,27,,0.99,0,True,304641,tanh,hard,1,1300,1000,3,41446,0.001,0.0001,0,13.26446,float64,unit,uniform,13265,0.9,1000,2,1,"[0.5, 0.75, 1.0]",,5.92238073e-05,9.05313888e-05,0.000301580139,0.000268237421,0.000474250014,0.00182338425,0.000131122562,0.00018208292,0.000573400323,0.0003346315,0.000516006975,0.00182945788,0.00030775973,0.999998224,0.500000982,0.500000146,8.36391838e-07,8.1685101e-05,0.99999985,0.748723735,0.749998448,-0.00127471301,5.83217132e-05,0.999999941,1.00040977,1.00000055,0.000409228218,0.000232354925,0.000942129368,0.00167607261,0.00182945788,8.68273196e-07,8.68273196e-07,8.68273196e-07,9.95408203e-09,,8.68066569e-07,0.999762025,0.00057662159,2.77509403e-10,0.0004139049,3.55609626e-10,1305.14008,35100,33385,0,,,,,cpu,,45
r2_no_warm_seed1,r2_no_warm,4x60_f64_unit_win27_causal,lorenz1960,4,60,27,0.01 0.1 1 10,0.99,4000,False,304641,tanh,hard,1,20000,1000,1,41446,0.001,0.0001,0,13.26446,float64,unit,uniform,13265,0.9,1000,2,1,"[0.5, 0.75, 1.0]",,3.67144255e-05,5.49128436e-05,0.000206293033,8.85851328e-05,0.000142525238,0.000714920538,6.28539324e-05,8.78118676e-05,0.000315569776,0.000128921441,0.000176181123,0.000751878516,0.000190788505,0.999999347,0.499957342,0.500000146,-4.28033082e-05,2.69764207e-05,0.999999986,0.749630081,0.749998448,-0.00036836624,2.7956661e-05,0.999999986,1.00010113,1.00000055,0.000100587532,9.93100613e-05,0.000268927035,0.000636563924,0.000751878516,8.34952929e-07,8.34952929e-07,8.34952929e-07,4.40448962e-06,,8.35497038e-07,1.00065166,0.000509505765,2.77524289e-10,0.000425730178,3.55629126e-10,10501.4451,105877,33174,18,,,,,cuda,589.150879,81
r2_no_warm_seed2,r2_no_warm,4x60_f64_unit_win27_causal,lorenz1960,4,60,27,0.01 0.1 1 10,0.99,4000,False,304641,tanh,hard,1,20000,1000,2,41446,0.001,0.0001,0,13.26446,float64,unit,uniform,13265,0.9,1000,2,1,"[0.5, 0.75, 1.0]",,4.75292909e-05,6.86902195e-05,0.000235576867,0.000142737841,0.000257134383,0.00114962244,8.24817458e-05,0.000109565069,0.000437019674,0.000192029179,0.000287821024,0.00117006603,0.000246988541,0.999998978,0.499975854,0.500000146,-2.42914602e-05,4.34672946e-05,0.999999956,0.749236247,0.749998448,-0.000762200432,3.66868725e-05,0.999999979,1.00023065,1.00000055,0.000230101761,0.000116542107,0.000494068925,0.00113037171,0.00117006603,9.99839744e-07,9.99839744e-07,9.99839744e-07,4.26177571e-06,,9.99847417e-07,1.00000767,0.000543288533,2.77524289e-10,0.000431988528,3.55629126e-10,9835.43886,100185,33431,17,,,,,cuda,589.13916,79
r2_no_warm_seed3,r2_no_warm,4x60_f64_unit_win27_causal,lorenz1960,4,60,27,0.01 0.1 1 10,0.99,4000,False,304641,tanh,hard,1,20000,1000,3,41446,0.001,0.0001,0,13.26446,float64,unit,uniform,13265,0.9,1000,2,1,"[0.5, 0.75, 1.0]",,3.9786262e-05,5.76183609e-05,0.00020457994,0.000145102234,0.000255399324,0.000945302861,8.38917492e-05,0.000113804694,0.000342437184,0.000193694923,0.000285482396,0.000994959507,0.000206751471,0.999999281,0.500011811,0.500000146,1.16654771e-05,4.41873122e-05,0.999999956,0.749312894,0.749998448,-0.000685553573,3.73140248e-05,0.999999977,1.0002188,1.00000055,0.000218253826,0.000142441158,0.000475385791,0.000960121009,0.000994959507,7.2865615e-07,7.2865615e-07,7.2865615e-07,2.31074836e-06,,7.27721819e-07,0.998717733,0.000462107023,2.77524289e-10,0.00032301957,3.55629126e-10,4761.15421,102904,33387,19,,,,,cuda,589.150879,77
r3_causal_single_seed0,r3_causal_single,4x60_f64_unit_causal,lorenz1960,4,60,1,0.01 0.1 1 10,0.99,10000,False,11283,tanh,hard,1,40000,5000,0,39793,0.001,0.0001,0,13.26446,float64,unit,lhs,13265,0.9,5000,2,1,"[0.5, 0.75, 1.0]",,0.0284523854,0.0386333979,0.0883859354,0.153357858,0.24545229,0.675190363,0.0883691596,0.118149444,0.242289512,0.198583958,0.275133889,0.67666749,0.147854366,0.67656052,0.507517101,0.500000146,0.00751695588,0.046701359,0.959751955,0.095709365,0.749998448,-0.654289083,0.0393055222,0.975161646,1.12120963,1.00000055,0.121209084,0.159120994,0.558809725,0.676069538,0.67666749,5.22965311e-06,5.22965311e-06,5.22965311e-06,5.22965311e-06,,5.23389067e-06,1.0008103,0.0377813493,2.77524289e-10,0.0140078388,3.55629126e-10,8093.4638,40000,5529,4,,,,,cuda,1149.18604,21
r4_candidate_seed1,r4_candidate,4x60_f64_unit_win27_causal_warm,lorenz1960,4,60,27,0.01 0.1 1 10,0.99,4000,True,304641,tanh,hard,1,20000,1000,1,41446,0.001,0.0001,0,13.26446,float64,unit,uniform,13265,0.9,1000,2,1,"[0.5, 0.75, 1.0]",,1.85309231e-05,2.76447636e-05,0.000102597041,3.83169188e-05,5.84104801e-05,0.00014625161,3.42370639e-05,4.93225598e-05,0.000190959681,6.28030385e-05,8.12941083e-05,0.000230085183,9.62969483e-05,0.999999834,0.499982903,0.500000146,-1.72425682e-05,1.1668474e-05,0.999999998,0.750090614,0.749998448,9.21661031e-05,1.52282276e-05,0.999999996,0.999966153,1.00000055,-3.43929465e-05,4.313786e-05,0.000135505262,0.000196601524,0.000230085183,1.31909013e-07,1.31909013e-07,1.31909013e-07,1.53020561e-08,,1.31784004e-07,0.999052308,0.000221693993,2.77509403e-10,0.000168350462,3.55609626e-10,1163.77413,33564,33163,2,,,,,cpu,,46
r4_candidate_seed2,r4_candidate,4x60_f64_unit_win27_causal_warm,lorenz1960,4,60,27,0.01 0.1 1 10,0.99,4000,True,304641,tanh,hard,1,20000,1000,2,41446,0.001,0.0001,0,13.26446,float64,unit,uniform,13265,0.9,1000,2,1,"[0.5, 0.75, 1.0]",,3.61425849e-05,4.39490451e-05,0.000125546698,0.000165077994,0.000221514411,0.000497484604,0.000103889516,0.000129086485,0.000320404469,0.000220858734,0.000260122036,0.000501810028,0.000187816905,0.999999581,0.499957531,0.500000146,-4.26141044e-05,5.02704379e-05,0.999999967,0.750386512,0.749998448,0.000388064411,4.62087871e-05,0.99999997,0.999860532,1.00000055,-0.00014001419,0.000189229249,0.000457632824,0.00049438378,0.000501810028,2.48717443e-07,2.48717443e-07,2.48717443e-07,1.05234931e-07,,2.48544054e-07,0.999302869,0.000258353659,2.77509403e-10,0.000180683031,3.55609626e-10,1169.1174,36759,33082,1,,,,,cpu,,45
r4_candidate_seed3,r4_candidate,4x60_f64_unit_win27_causal_warm,lorenz1960,4,60,27,0.01 0.1 1 10,0.99,4000,True,304641,tanh,hard,1,20000,1000,3,41446,0.001,0.0001,0,13.26446,float64,unit,uniform,13265,0.9,1000,2,1,"[0.5, 0.75, 1.0]",,2.75123838e-05,4.2798661e-05,0.000152184911,9.75252138e-05,0.000180876156,0.000575353422,4.72007502e-05,7.04887257e-05,0.000235758114,0.000123786473,0.00019878775,0.000611601644,0.000142969596,0.999999603,0.499986594,0.500000146,-1.35519349e-05,2.96989022e-05,0.999999978,0.749482314,0.749998448,-0.000516133622,2.09943168e-05,0.999999991,1.00015733,1.00000055,0.000156781785,6.18770713e-05,0.00037864289,0.000558955418,0.000611601644,1.93662267e-07,1.93662267e-07,1.93662267e-07,5.8161621e-08,,1.93735328e-07,1.00037726,0.000320411206,2.77524289e-10,0.000242133077,3.55629126e-10,3764.76705,35996,33106,2,,,,,cuda,589.150391,46
r4_candidate_seed4,r4_candidate,4x60_f64_unit_win27_causal_warm,lorenz1960,4,60,27,0.01 0.1 1 10,0.99,4000,True,304641,tanh,hard,1,20000,1000,4,41446,0.001,0.0001,0,13.26446,float64,unit,uniform,13265,0.9,1000,2,1,"[0.5, 0.75, 1.0]",,2.23229761e-05,3.03612374e-05,9.76868315e-05,4.1025068e-05,5.58384993e-05,0.000174829785,2.94203587e-05,3.99018414e-05,0.000135553676,6.30781222e-05,7.50459838e-05,0.000185945067,0.000116002557,0.9999998,0.499977335,0.500000146,-2.28109206e-05,1.24931742e-05,0.999999998,0.749896786,0.749998448,-0.000101661894,1.3085816e-05,0.999999997,1.00002259,1.00000055,2.20412446e-05,5.89341856e-05,0.000121101565,0.000176766285,0.000185945067,1.43785908e-07,1.43785908e-07,1.43785908e-07,9.78245441e-08,,1.43963567e-07,1.00123558,0.000235210721,2.77524289e-10,0.000200067265,3.55629126e-10,2933.66347,32757,32516,2,,,,,cuda,589.13916,44
r6_sequential_seed1,r6_sequential,4x60_f64_unit_win27_warm_shared,lorenz1960,4,60,27,,0.99,0,True,11283,tanh,hard,1,1300,1000,1,41446,0.001,0.0001,0,13.26446,float64,unit,uniform,13265,0.9,1000,2,1,"[0.5, 0.75, 1.0]",,0.0299688036,0.040325101,0.126987454,0.267900922,0.369525029,1.08027146,0.213903709,0.313440784,0.877987906,0.377422344,0.486230383,1.23316041,0.155734515,0.647614407,0.500027475,0.500000146,2.73295031e-05,0.0815826284,0.908778265,0.747711501,0.749998448,-0.00228694647,0.0951417556,0.825188316,1.00073712,1.00000055,0.000736571012,0.31304408,0.841354155,1.1358272,1.23316041,0.965333583,0.965333583,0.965333583,4.26246356e-06,,0.965299315,0.999964501,0.945997421,2.77524289e-10,1.34670908,3.55629126e-10,4825.91686,35100,33759,0,,,,,cuda,566.61377,44
r6_sequential_seed2,r6_sequential,4x60_f64_unit_win27_warm_shared,lorenz1960,4,60,27,,0.99,0,True,11283,tanh,hard,1,1300,1000,2,41446,0.001,0.0001,0,13.26446,float64,unit,uniform,13265,0.9,1000,2,1,"[0.5, 0.75, 1.0]",,0.0192127139,0.0278134394,0.0952106668,0.411485215,0.559039628,1.36341301,0.227816062,0.327298462,0.857696806,0.474645162,0.648400476,1.61090773,0.0998399108,0.832360402,0.49998357,0.500000146,-1.65754777e-05,0.125307689,0.79121668,0.749626766,0.749998448,-0.000371681228,0.1013298,0.809389256,1.00011927,1.00000055,0.000118729198,0.324761567,1.19547138,1.51149487,1.61090773,1.60946395,1.60946395,1.60946395,3.02260644e-08,,1.60931337,0.999906442,2.65503751,2.77524289e-10,3.62116937,3.55629126e-10,4172.95236,35100,33760,0,,,,,cuda,566.61377,44
r6_sequential_seed3,r6_sequential,4x60_f64_unit_win27_warm_shared,lorenz1960,4,60,27,,0.99,0,True,11283,tanh,hard,1,1300,1000,3,41446,0.001,0.0001,0,13.26446,float64,unit,uniform,13265,0.9,1000,2,1,"[0.5, 0.75, 1.0]",,0.0249345682,0.0369644714,0.136660372,0.0982762674,0.129189246,0.404083812,0.220222902,0.323706157,0.878188637,0.259661605,0.350488102,0.892467659,0.129573838,0.703901493,0.500048381,0.500000146,4.82353893e-05,0.0299276171,0.988850296,0.748675413,0.749998448,-0.00132303446,0.0979524554,0.813550438,1.00045023,1.00000055,0.000449686573,0.181810745,0.650171875,0.845585192,0.892467659,0.518989064,0.518989064,0.518989064,1.42047452e-06,,0.519001009,1.00002302,1.17948715,2.77524289e-10,1.68703889,3.55629126e-10,2764.77157,35100,33403,0,,,,,cuda,566.625488,46
