run,eval_points,invariant_drift_prediction,invariant_drift_reference,closure_prediction,closure_reference
4x60_f64_unit_win27_causal_warm_f1cbeebd,13265,0.00040513576273326635,1.7556771257509915e-10,5.640028038286341e-05,1.6518975352483694e-06
r1_no_causal_seed1,13265,0.00047765781463433756,1.7556771257509915e-10,0.00035043106773008354,1.6518975352483694e-06
r1_no_causal_seed2,13265,0.0006039528420486299,1.7556771257509915e-10,0.00011796009346392023,1.6518975352483694e-06
r1_no_causal_seed3,13265,0.0008559579054714931,1.7556771257509915e-10,0.001340436087762123,1.6518975352483694e-06
r2_no_warm_seed1,13265,0.0007066314523750136,1.7556771257509915e-10,0.00038585927588089995,1.6518975352483694e-06
r2_no_warm_seed2,13265,0.0007531868667828184,1.7556771257509915e-10,0.0007981851859224845,1.6518975352483694e-06
r2_no_warm_seed3,13265,0.000653990529202538,1.7556771257509915e-10,0.0007211985061167483,1.6518975352483694e-06
r3_causal_single_seed0,13265,0.09684362525893701,1.7556771257509915e-10,0.665465638586145,1.6518975352483694e-06
r4_candidate_seed1,13265,0.0003382699992175419,1.7556771257509915e-10,9.822828811880865e-05,1.6518975352483694e-06
r4_candidate_seed2,13265,0.0004513860593220119,1.7556771257509915e-10,0.0004130939495110299,1.6518975352483694e-06
r4_candidate_seed3,13265,0.00044243315363078246,1.7556771257509915e-10,0.0005412304840081369,1.6518975352483694e-06
r4_candidate_seed4,13265,0.00037562625377160675,1.7556771257509915e-10,0.00010806049399818263,1.6518975352483694e-06
r6_sequential_seed1,13265,0.6204152402561487,1.7556771257509915e-10,0.0024044381442532977,1.6518975352483694e-06
r6_sequential_seed2,13265,1.4256304456083264,1.7556771257509915e-10,0.00039217311245565227,1.6518975352483694e-06
r6_sequential_seed3,13265,0.5469090304556544,1.7556771257509915e-10,0.0013998500088159766,1.6518975352483694e-06
